{"from_scratch": [9.450379936085191, 4.392636608522992, 2.9582744728687196, 2.1951593038647674, 1.6635156352852665, 1.299276543495267, 1.025503741378008, 0.8324147053236185, 0.6842359814879506, 0.573568127980066, 0.49732134345658996, 0.441268450229667, 0.4012047807144564, 0.370573227072871, 0.3477846480386202, 0.32782895509586774, 0.3111303766799528, 0.2966482018315515, 0.282635310292244], "tuned": [[1.8494871875574423, 0.9446235839710679, 0.604445566964704, 0.4509736510903336, 0.38227092422718223, 0.3433153081771939, 0.31172041854886123, 0.30183543022288833, 0.2703012158704359], [1.611249649940535, 0.8422017658865729, 0.5459924101136452, 0.42993216389833494, 0.3730649235983228, 0.33615668828404227, 0.3097998891458955, 0.2973106247048045, 0.2646362984249758], [1.8332521042158438, 0.9955154549936915, 0.5983569232183833, 0.4744594171643257, 0.3944899496990581, 0.34824493215527647, 0.31467824515908266, 0.2900212906127752, 0.2686343392313913], [2.576264515865681, 1.2220548668573068, 0.701068400297054, 0.5315532746703125, 0.4313359452888023, 0.3670006153541942, 0.327956086154594, 0.29943064946767894, 0.27734955989344173]]}