{"bond_lengths": [0.2, 0.4, 0.5, 0.67, 0.7, 0.72, 0.73, 0.74, 1.0, 1.2, 1.4, 1.6, 1.8, 2.0, 3.0, 4.0], "ideal_values": [0.17485294378073213, -0.9123343005357276, -1.0264992528227075, -1.1174487626358292, -1.1079988650008024, -1.1164825645205985, -1.1041037226027306, -1.1153655657941912, -1.0621848349932415, -0.9982188211485061, -0.9442370958027342, -0.8707267196610134, -0.8167942896570368, -0.7828208334304457, -0.6164155963494535, -0.6258916554227594], "noisy_values": [0.574949520719034, -0.6049369479678921, -0.7741154010806627, -0.8850366590550256, -0.9087617653106836, -0.9177251280734605, -0.942268025030331, -0.9084250613830765, -0.9467750222920527, -0.9007385821395555, -0.8773251630292357, -0.779173531455103, -0.7943703960204453, -0.7556876251519395, -0.6440420867235155, -0.6056972063159184], "mitigated_values": [0.1924578845500946, -0.9049983024597168, -1.0027507543563843, -1.1045875549316406, -1.1154370307922363, -1.094656229019165, -1.1055006980895996, -1.0941596031188965, -1.0278878211975098, -0.9704319834709167, -0.9383329749107361, -0.8660450577735901, -0.7222588658332825, -0.7706388831138611, -0.6291207671165466, -0.6044858694076538]}