{"bond_lengths": [0.2, 0.4, 0.5, 0.67, 0.7, 0.72, 0.73, 0.74, 1.0, 1.2, 1.4, 1.6, 1.8, 2.0, 3.0, 4.0], "ideal_values": [0.18230994308785053, -0.8923524372093552, -1.0206286398291686, -1.108014417881578, -1.1070645006739124, -1.1098260975493799, -1.0996222043148796, -1.119274085700271, -1.0479440585544153, -0.9896722826549467, -0.9271100640259212, -0.8841232443690374, -0.8166796869171774, -0.7669941960915094, -0.6467021207143496, -0.6103730763235213], "noisy_values": [0.5453855170368553, -0.6689967773907981, -0.8230539000697727, -0.9337110849276534, -0.946384129685732, -0.9647826633279668, -0.9967865871540229, -0.9836440768595363, -0.9641579650590004, -0.9119924563123392, -0.8931203930090532, -0.848804113713884, -0.8126471375632883, -0.7379603539164332, -0.6583727256935201, -0.605478057043585], "mitigated_values": [0.15265613794326782, -0.8344005346298218, -0.9980189800262451, -1.1003565788269043, -1.0968596935272217, -1.0847384929656982, -1.075222373008728, -1.0674060583114624, -1.0135142803192139, -0.9966439008712769, -0.9164258241653442, -0.8369045257568359, -0.8225635290145874, -0.7764425277709961, -0.6321094036102295, -0.5984680652618408]}